{
    "Most Popular": {
        "AUC": 0.8768290553401961,
        "MAP": 0.8834680357403679,
        "Precision@K": 0.11454352441613588,
        "Recall@K": 0.10734021173754527,
        "NDCG@K": 0.15179327673783036
    },
    "Structural (Jaccard)": {
        "AUC": 0.9051968050520389,
        "MAP": 0.9118034299820054,
        "Precision@K": 0.1751592356687898,
        "Recall@K": 0.19292602989093463,
        "NDCG@K": 0.25413906773076694
    },
    "Content (Cosine)": {
        "AUC": 0.5998216841050908,
        "MAP": 0.6423317098862609,
        "Precision@K": 0.016560509554140127,
        "Recall@K": 0.015551319501801343,
        "NDCG@K": 0.02112810690006522
    },
    "Hybrid Baseline": {
        "AUC": 0.746448455176493,
        "MAP": 0.7917591476564878,
        "Precision@K": 0.09777070063694267,
        "Recall@K": 0.09426118689061755,
        "NDCG@K": 0.12848980067903887
    },
    "Matrix Factorization (SVD)": {
        "AUC": 0.8494474231797148,
        "MAP": 0.8886633406789585,
        "Precision@K": 0.16677282377919322,
        "Recall@K": 0.2015060750583628,
        "NDCG@K": 0.2373549388657946
    }
}