{
    "recall@10": 0.9830148619957537,
    "ndcg@10": 0.8301317160309272,
    "auc": 0.989641639323168,
    "precision@10": 0.09830148619957538,
    "map@10": 0.7800420415866278
}