{
    "recall@10": 0.9861995753715499,
    "ndcg@10": 0.8339644991040828,
    "auc": 0.9903064616440412,
    "precision@10": 0.098619957537155,
    "map@10": 0.7839719610420248
}