{
    "recall@10": 0.9872611464968153,
    "ndcg@10": 0.8426834977988062,
    "auc": 0.9909605610242553,
    "precision@10": 0.09872611464968153,
    "map@10": 0.7950240959795098
}