{
    "Node2Vec": {
        "AUC": 0.7739293833183173,
        "MAP": 0.784274203193373,
        "Precision@K": 0.027919320594479834,
        "Recall@K": 0.028836922587019326,
        "NDCG@K": 0.03316854816925146
    },
    "Metapath2Vec": {
        "AUC": 0.8389693119352563,
        "MAP": 0.8453950243434539,
        "Precision@K": 0.057112526539278126,
        "Recall@K": 0.05317870741065848,
        "NDCG@K": 0.06737390695950222
    }
}