{
    "recall@10": 0.9851380042462845,
    "ndcg@10": 0.8391731184569428,
    "auc": 0.9901885092967896,
    "precision@10": 0.09851380042462846,
    "map@10": 0.791547871802649
}